source,title,date,url,filename,filepath,downloaded_at,category
SEBI,Clarification regarding eligibility of members of the Institute of Cost Accountants of India to conduct annual audit of Research Analysts,"Mar 25, 2026",https://www.sebi.gov.in/sebi_data/attachdocs/mar-2026/1774433908492.pdf,"SEBI_Mar 25, 20_clarification_regarding_eligibility_of_members_of_the_i_000.pdf","data/raw/sebi\SEBI_Mar 25, 20_clarification_regarding_eligibility_of_members_of_the_i_000.pdf",2026-03-29 13:06:21,
SEBI,Clarification regarding eligibility of members of the Institute of Cost Accountants of India to conduct annual audit of Investment Advisers,"Mar 25, 2026",https://www.sebi.gov.in/sebi_data/attachdocs/mar-2026/1774433771470.pdf,"SEBI_Mar 25, 20_clarification_regarding_eligibility_of_members_of_the_i_001.pdf","data/raw/sebi\SEBI_Mar 25, 20_clarification_regarding_eligibility_of_members_of_the_i_001.pdf",2026-03-29 13:06:26,
SEBI,Addendum to SEBI Circular on Borrowing by Mutual Funds,"Mar 25, 2026",https://www.sebi.gov.in/sebi_data/attachdocs/mar-2026/1774433435925.pdf,"SEBI_Mar 25, 20_addendum_to_sebi_circular_on_borrowing_by_mutual_funds_002.pdf","data/raw/sebi\SEBI_Mar 25, 20_addendum_to_sebi_circular_on_borrowing_by_mutual_funds_002.pdf",2026-03-29 13:06:30,
SEBI,Ease of doing business measures - Relaxations in certain reporting requirements for certain Stock Brokers and doing away with the requirement of reporting of demat account,"Mar 23, 2026",https://www.sebi.gov.in/sebi_data/attachdocs/mar-2026/1774264133189.pdf,"SEBI_Mar 23, 20_ease_of_doing_business_measures_-_relaxations_in_certai_003.pdf","data/raw/sebi\SEBI_Mar 23, 20_ease_of_doing_business_measures_-_relaxations_in_certai_003.pdf",2026-03-29 13:06:36,
SEBI,Review of Coverage of Settlement Guarantee Fund for Commodity Derivatives Segment,"Mar 16, 2026",https://www.sebi.gov.in/sebi_data/attachdocs/mar-2026/1773663743627.pdf,"SEBI_Mar 16, 20_review_of_coverage_of_settlement_guarantee_fund_for_com_004.pdf","data/raw/sebi\SEBI_Mar 16, 20_review_of_coverage_of_settlement_guarantee_fund_for_com_004.pdf",2026-03-29 13:06:41,
SEBI,Borrowing by Mutual Funds,"Mar 13, 2026",https://www.sebi.gov.in/sebi_data/attachdocs/mar-2026/1773399435433.pdf,"SEBI_Mar 13, 20_borrowing_by_mutual_funds_005.pdf","data/raw/sebi\SEBI_Mar 13, 20_borrowing_by_mutual_funds_005.pdf",2026-03-29 13:06:46,
SEBI,Ease of Doing Business – Relaxation in certification requirement for Persons Associated with Research Services (PARS) – Sales and other non-core services,"Mar 11, 2026",https://www.sebi.gov.in/sebi_data/attachdocs/mar-2026/1773222499084.pdf,"SEBI_Mar 11, 20_ease_of_doing_business_relaxation_in_certification_requ_006.pdf","data/raw/sebi\SEBI_Mar 11, 20_ease_of_doing_business_relaxation_in_certification_requ_006.pdf",2026-03-29 13:06:52,
SEBI,Introduction of Voluntary Lock-in / Debit freeze facility to Mutual Fund folios,"Mar 06, 2026",https://www.sebi.gov.in/sebi_data/attachdocs/mar-2026/1772797023234.pdf,"SEBI_Mar 06, 20_introduction_of_voluntary_lock-in_debit_freeze_facility_007.pdf","data/raw/sebi\SEBI_Mar 06, 20_introduction_of_voluntary_lock-in_debit_freeze_facility_007.pdf",2026-03-29 13:06:56,
SEBI,Regulatory Reporting by AIFs,"Mar 04, 2026",https://www.sebi.gov.in/sebi_data/attachdocs/mar-2026/1772622793928.pdf,"SEBI_Mar 04, 20_regulatory_reporting_by_aifs_008.pdf","data/raw/sebi\SEBI_Mar 04, 20_regulatory_reporting_by_aifs_008.pdf",2026-03-29 13:07:03,
SEBI,Guidelines for Custodians,"Mar 04, 2026",https://www.sebi.gov.in/sebi_data/attachdocs/mar-2026/1772622419912.pdf,"SEBI_Mar 04, 20_guidelines_for_custodians_009.pdf","data/raw/sebi\SEBI_Mar 04, 20_guidelines_for_custodians_009.pdf",2026-03-29 13:07:09,
SEBI,Revised Norms for appointment of an independent third-party reviewer/ certifier for green debt security,"Feb 27, 2026",https://www.sebi.gov.in/sebi_data/attachdocs/feb-2026/1772193450819.pdf,"SEBI_Feb 27, 20_revised_norms_for_appointment_of_an_independent_third-p_010.pdf","data/raw/sebi\SEBI_Feb 27, 20_revised_norms_for_appointment_of_an_independent_third-p_010.pdf",2026-03-29 13:07:14,
SEBI,Ease of Doing Investment (EoDI)- Disclosure of registered name and registration number by SEBI regulated entities and their agents on Social Media Platforms (SMPs),"Feb 26, 2026",https://www.sebi.gov.in/sebi_data/attachdocs/feb-2026/1772103201432.pdf,"SEBI_Feb 26, 20_ease_of_doing_investment_eodi-_disclosure_of_registered_011.pdf","data/raw/sebi\SEBI_Feb 26, 20_ease_of_doing_investment_eodi-_disclosure_of_registered_011.pdf",2026-03-29 13:07:19,
SEBI,Valuation of physical Gold and Silver held by mutual fund schemes,"Feb 26, 2026",https://www.sebi.gov.in/sebi_data/attachdocs/feb-2026/1772102397057.pdf,"SEBI_Feb 26, 20_valuation_of_physical_gold_and_silver_held_by_mutual_fu_012.pdf","data/raw/sebi\SEBI_Feb 26, 20_valuation_of_physical_gold_and_silver_held_by_mutual_fu_012.pdf",2026-03-29 13:07:24,
SEBI,Categorization and Rationalization of Mutual Fund Schemes,"Feb 26, 2026",https://www.sebi.gov.in/sebi_data/attachdocs/feb-2026/1772079826878.pdf,"SEBI_Feb 26, 20_categorization_and_rationalization_of_mutual_fund_schem_013.pdf","data/raw/sebi\SEBI_Feb 26, 20_categorization_and_rationalization_of_mutual_fund_schem_013.pdf",2026-03-29 13:07:36,
SEBI,Circular on Forms for registration of stock brokers and clearing members,"Feb 17, 2026",https://www.sebi.gov.in/sebi_data/attachdocs/feb-2026/1771327465440.pdf,"SEBI_Feb 17, 20_circular_on_forms_for_registration_of_stock_brokers_and_014.pdf","data/raw/sebi\SEBI_Feb 17, 20_circular_on_forms_for_registration_of_stock_brokers_and_014.pdf",2026-03-29 13:07:41,
SEBI,Capacity Planning and Real Time Performance Monitoring framework for Commodity Derivatives Segment of Market Infrastructure Institutions (MIIs),"Feb 11, 2026",https://www.sebi.gov.in/sebi_data/attachdocs/feb-2026/1770810673597.pdf,"SEBI_Feb 11, 20_capacity_planning_and_real_time_performance_monitoring__015.pdf","data/raw/sebi\SEBI_Feb 11, 20_capacity_planning_and_real_time_performance_monitoring__015.pdf",2026-03-29 13:07:46,
SEBI,Obligations on CRAs while undertaking rating of financial instruments falling under the purview of any other Financial Sector Regulator,"Feb 10, 2026",https://www.sebi.gov.in/sebi_data/attachdocs/feb-2026/1770724484942.pdf,"SEBI_Feb 10, 20_obligations_on_cras_while_undertaking_rating_of_financi_016.pdf","data/raw/sebi\SEBI_Feb 10, 20_obligations_on_cras_while_undertaking_rating_of_financi_016.pdf",2026-03-29 13:07:51,
SEBI,Reporting of value of units of Alternative Investment Funds (AIFs) to Depositories,"Feb 06, 2026",https://www.sebi.gov.in/sebi_data/attachdocs/feb-2026/1770375004737.pdf,"SEBI_Feb 06, 20_reporting_of_value_of_units_of_alternative_investment_f_017.pdf","data/raw/sebi\SEBI_Feb 06, 20_reporting_of_value_of_units_of_alternative_investment_f_017.pdf",2026-03-29 13:07:56,
SEBI,Creation/Invocation of pledge of securities through depository system.,"Feb 05, 2026",https://www.sebi.gov.in/sebi_data/attachdocs/feb-2026/1770291682029.pdf,"SEBI_Feb 05, 20_creationinvocation_of_pledge_of_securities_through_depo_018.pdf","data/raw/sebi\SEBI_Feb 05, 20_creationinvocation_of_pledge_of_securities_through_depo_018.pdf",2026-03-29 13:08:01,
SEBI,Review of Calendar Spread margin benefit in Single stock derivatives on expiry day,"Feb 05, 2026",https://www.sebi.gov.in/sebi_data/attachdocs/feb-2026/1770288869049.pdf,"SEBI_Feb 05, 20_review_of_calendar_spread_margin_benefit_in_single_stoc_019.pdf","data/raw/sebi\SEBI_Feb 05, 20_review_of_calendar_spread_margin_benefit_in_single_stoc_019.pdf",2026-03-29 13:08:06,
SEBI,Revision of Order-to-Trade Ratio (OTR) framework,"Feb 04, 2026",https://www.sebi.gov.in/sebi_data/attachdocs/feb-2026/1770204200812.pdf,"SEBI_Feb 04, 20_revision_of_order-to-trade_ratio_otr_framework_020.pdf","data/raw/sebi\SEBI_Feb 04, 20_revision_of_order-to-trade_ratio_otr_framework_020.pdf",2026-03-29 13:08:11,
SEBI,Ease of Doing Investment and Ease of Doing Business – Doing away with requirement of issuance of Letter of Confirmation (“LOC”) and to effect direct credit of securities in dematerialisation account of the investor,"Jan 30, 2026",https://www.sebi.gov.in/sebi_data/attachdocs/jan-2026/1769773760624.pdf,"SEBI_Jan 30, 20_ease_of_doing_investment_and_ease_of_doing_business_doi_021.pdf","data/raw/sebi\SEBI_Jan 30, 20_ease_of_doing_investment_and_ease_of_doing_business_doi_021.pdf",2026-03-29 13:08:16,
SEBI,Ease of Doing Investment – Special Window for Transfer and Dematerialisation of Physical Securities,"Jan 30, 2026",https://www.sebi.gov.in/sebi_data/attachdocs/jan-2026/1769772850270.pdf,"SEBI_Jan 30, 20_ease_of_doing_investment_special_window_for_transfer_an_022.pdf","data/raw/sebi\SEBI_Jan 30, 20_ease_of_doing_investment_special_window_for_transfer_an_022.pdf",2026-03-29 13:08:21,
SEBI,Introduction of Closing Auction Session (CAS) in the Equity Cash     Segment and certain modifications in the Pre-Open Auction Session,"Jan 16, 2026",https://www.sebi.gov.in/sebi_data/attachdocs/jan-2026/1768576287344.pdf,"SEBI_Jan 16, 20_introduction_of_closing_auction_session_cas_in_the_equi_023.pdf","data/raw/sebi\SEBI_Jan 16, 20_introduction_of_closing_auction_session_cas_in_the_equi_023.pdf",2026-03-29 13:08:26,
SEBI,Single Window Automatic and Generalised Access for Trusted Foreign Investors (SWAGAT-FI)” framework for FPIs and FVCIs,"Jan 16, 2026",https://www.sebi.gov.in/sebi_data/attachdocs/jan-2026/1768563562814.pdf,"SEBI_Jan 16, 20_single_window_automatic_and_generalised_access_for_trus_024.pdf","data/raw/sebi\SEBI_Jan 16, 20_single_window_automatic_and_generalised_access_for_trus_024.pdf",2026-03-29 13:08:32,
SEBI,"SEBI (Terms and Conditions of Service of Chairman and Members) Rules, 1992",1992,https://www.sebi.gov.in/sebi_data/attachdocs/nov-2022/1667301264497.pdf,SEBI_1992_sebi_terms_and_conditions_of_service_of_chairman_and_me_025.pdf,data/raw/sebi\SEBI_1992_sebi_terms_and_conditions_of_service_of_chairman_and_me_025.pdf,2026-03-29 13:27:33,master_circular
SEBI,"Securities Contracts (Regulations) Rules, 1957 [Last amended on May 19, 2025]",1957,https://www.sebi.gov.in/sebi_data/attachdocs/may-2025/1747739899572.pdf,SEBI_1957_securities_contracts_regulations_rules_1957_last_amende_026.pdf,data/raw/sebi\SEBI_1957_securities_contracts_regulations_rules_1957_last_amende_026.pdf,2026-03-29 13:27:40,master_circular
SEBI,Commodity Derivatives Segment,"Mar 27, 2026",https://www.sebi.gov.in/sebi_data/attachdocs/mar-2026/1774619992149.pdf,"SEBI_Mar 27, 20_commodity_derivatives_segment_027.pdf","data/raw/sebi\SEBI_Mar 27, 20_commodity_derivatives_segment_027.pdf",2026-03-29 13:27:47,order
SEBI,"Updates for Implementation of Section 51A of UAPA, 1967:  Updates to UNSC’s 1267/ 1989 ISIL (Da'esh) & Al-Qaida Sanctions List: amendment of 01 entry - 16324","Mar 26, 2026",https://www.sebi.gov.in/sebi_data/attachdocs/mar-2026/1774612067861.pdf,"SEBI_Mar 26, 20_updates_for_implementation_of_section_51a_of_uapa_1967__028.pdf","data/raw/sebi\SEBI_Mar 26, 20_updates_for_implementation_of_section_51a_of_uapa_1967__028.pdf",2026-03-29 13:27:52,order
SEBI,"Updates for Implementation of Section 51A of UAPA, 1967:  Updates to UNSC’s 1267/ 1989 ISIL (Da'esh) & Al-Qaida Sanctions List: amendment of 01 entry - 16323","Mar 26, 2026",https://www.sebi.gov.in/sebi_data/attachdocs/mar-2026/1774612118357.pdf,"SEBI_Mar 26, 20_updates_for_implementation_of_section_51a_of_uapa_1967__029.pdf","data/raw/sebi\SEBI_Mar 26, 20_updates_for_implementation_of_section_51a_of_uapa_1967__029.pdf",2026-03-29 13:27:57,order
SEBI,"Chairman, SEBI today launched an important investor protection measure in the form of Verified Label for stock trading apps of brokers registered with SEBI, on Google Play Store","Mar 25, 2026",https://www.sebi.gov.in/sebi_data/attachdocs/mar-2026/1774448914437.pdf,"SEBI_Mar 25, 20_chairman_sebi_today_launched_an_important_investor_prot_030.pdf","data/raw/sebi\SEBI_Mar 25, 20_chairman_sebi_today_launched_an_important_investor_prot_030.pdf",2026-03-29 13:28:02,order
SEBI,Address by Chairman at launch of Verified App Label,"Mar 25, 2026",https://www.sebi.gov.in/sebi_data/attachdocs/mar-2026/1774446998605.pdf,"SEBI_Mar 25, 20_address_by_chairman_at_launch_of_verified_app_label_031.pdf","data/raw/sebi\SEBI_Mar 25, 20_address_by_chairman_at_launch_of_verified_app_label_031.pdf",2026-03-29 13:28:07,order
SEBI,"Niveshak Shivir to be held on March 27, 2026 in the city of Bhubaneswar, Odisha","Mar 25, 2026",https://www.sebi.gov.in/sebi_data/attachdocs/mar-2026/1774433817605.pdf,"SEBI_Mar 25, 20_niveshak_shivir_to_be_held_on_march_27_2026_in_the_city_032.pdf","data/raw/sebi\SEBI_Mar 25, 20_niveshak_shivir_to_be_held_on_march_27_2026_in_the_city_032.pdf",2026-03-29 13:28:11,order
SEBI,"Authorised Officer under Section 79(3)(b) of the Information Technology Act, 2000","Mar 24, 2026",https://www.sebi.gov.in/sebi_data/attachdocs/mar-2026/1774352784959.pdf,"SEBI_Mar 24, 20_authorised_officer_under_section_793b_of_the_informatio_033.pdf","data/raw/sebi\SEBI_Mar 24, 20_authorised_officer_under_section_793b_of_the_informatio_033.pdf",2026-03-29 13:28:16,order
SEBI,"Key decisions taken in the SEBI Board Meeting dated 23rd March, 2026","Mar 23, 2026",https://www.sebi.gov.in/sebi_data/attachdocs/mar-2026/1774268916433.pdf,"SEBI_Mar 23, 20_key_decisions_taken_in_the_sebi_board_meeting_dated_23r_034.pdf","data/raw/sebi\SEBI_Mar 23, 20_key_decisions_taken_in_the_sebi_board_meeting_dated_23r_034.pdf",2026-03-29 13:28:21,order
SEBI,"Status of SCORES complaints as on February 28, 2026","Mar 16, 2026",https://www.sebi.gov.in/sebi_data/attachdocs/mar-2026/1773656469380.pdf,"SEBI_Mar 16, 20_status_of_scores_complaints_as_on_february_28_2026_035.pdf","data/raw/sebi\SEBI_Mar 16, 20_status_of_scores_complaints_as_on_february_28_2026_035.pdf",2026-03-29 13:28:27,order
SEBI,"Names of the companies/Intermediaries/MIIs having complaints pending for more than 3 months on SCORES as on February 28, 2026","Mar 16, 2026",https://www.sebi.gov.in/sebi_data/attachdocs/mar-2026/1773656446835.pdf,"SEBI_Mar 16, 20_names_of_the_companiesintermediariesmiis_having_complai_036.pdf","data/raw/sebi\SEBI_Mar 16, 20_names_of_the_companiesintermediariesmiis_having_complai_036.pdf",2026-03-29 13:28:32,order
SEBI,Address by Chairman at ARIA Aspire 2026,"Mar 16, 2026",https://www.sebi.gov.in/sebi_data/attachdocs/mar-2026/1773646328969.pdf,"SEBI_Mar 16, 20_address_by_chairman_at_aria_aspire_2026_037.pdf","data/raw/sebi\SEBI_Mar 16, 20_address_by_chairman_at_aria_aspire_2026_037.pdf",2026-03-29 13:28:36,order
SEBI,Address by Chairman SEBI at Moneycontrol Global Wealth Summit 2026,"Mar 14, 2026",https://www.sebi.gov.in/sebi_data/attachdocs/mar-2026/1773471626886.pdf,"SEBI_Mar 14, 20_address_by_chairman_sebi_at_moneycontrol_global_wealth__038.pdf","data/raw/sebi\SEBI_Mar 14, 20_address_by_chairman_sebi_at_moneycontrol_global_wealth__038.pdf",2026-03-29 13:28:41,order
SEBI,"Dr. Sadanand S. Date takes charge as Executive Director, SEBI","Mar 13, 2026",https://www.sebi.gov.in/sebi_data/attachdocs/mar-2026/1773409822331.pdf,"SEBI_Mar 13, 20_dr_sadanand_s_date_takes_charge_as_executive_director_s_039.pdf","data/raw/sebi\SEBI_Mar 13, 20_dr_sadanand_s_date_takes_charge_as_executive_director_s_039.pdf",2026-03-29 13:28:46,order
SEBI,Public Notice in the matter of CITRUS CHECK INNS LIMITED and ROYAL TWINKLE STAR CLUB PVT. LTD for refund.,"Mar 12, 2026",https://www.sebi.gov.in/sebi_data/attachdocs/mar-2026/1773306719350.pdf,"SEBI_Mar 12, 20_public_notice_in_the_matter_of_citrus_check_inns_limite_040.pdf","data/raw/sebi\SEBI_Mar 12, 20_public_notice_in_the_matter_of_citrus_check_inns_limite_040.pdf",2026-03-29 13:28:51,order
SEBI,"Updates for Implementation of Section 51A of UAPA, 1967:  Updates to UNSC’s 1988 (2011) Sanctions List: amendment of 22 entries in the list","Mar 11, 2026",https://www.sebi.gov.in/sebi_data/attachdocs/mar-2026/1773307761403.pdf,"SEBI_Mar 11, 20_updates_for_implementation_of_section_51a_of_uapa_1967__041.pdf","data/raw/sebi\SEBI_Mar 11, 20_updates_for_implementation_of_section_51a_of_uapa_1967__041.pdf",2026-03-29 13:28:56,order
SEBI,Ease of doing business - Roll out of NISM certification module for Persons Associated with Research Services – Sales and other non-core services,"Mar 11, 2026",https://www.sebi.gov.in/sebi_data/attachdocs/mar-2026/1773234473571.pdf,"SEBI_Mar 11, 20_ease_of_doing_business_-_roll_out_of_nism_certification_042.pdf","data/raw/sebi\SEBI_Mar 11, 20_ease_of_doing_business_-_roll_out_of_nism_certification_042.pdf",2026-03-29 13:29:01,order
SEBI,"Address by Shri Tuhin Kanta Pandey, Chairman, SEBI  at the IVCA Conclave 2026","Mar 11, 2026",https://www.sebi.gov.in/sebi_data/attachdocs/mar-2026/1773209918999.pdf,"SEBI_Mar 11, 20_address_by_shri_tuhin_kanta_pandey_chairman_sebi_at_the_043.pdf","data/raw/sebi\SEBI_Mar 11, 20_address_by_shri_tuhin_kanta_pandey_chairman_sebi_at_the_043.pdf",2026-03-29 13:29:06,order
SEBI,"Address by Shri Tuhin Kanta Pandey, Chairman, SEBI - ""30 years of the launch of the Nifty 50 Index""","Mar 09, 2026",https://www.sebi.gov.in/sebi_data/attachdocs/mar-2026/1773064821292.pdf,"SEBI_Mar 09, 20_address_by_shri_tuhin_kanta_pandey_chairman_sebi_-_30_y_044.pdf","data/raw/sebi\SEBI_Mar 09, 20_address_by_shri_tuhin_kanta_pandey_chairman_sebi_-_30_y_044.pdf",2026-03-29 13:29:10,order
SEBI,"Updates for Implementation of Section 51A of UAPA, 1967:  Updates to UNSC’s 1267/ 1989 ISIL (Da'esh) & Al-Qaida Sanctions List: removal of 01 entry","Feb 27, 2026",https://www.sebi.gov.in/sebi_data/attachdocs/mar-2026/1772452593809.pdf,"SEBI_Feb 27, 20_updates_for_implementation_of_section_51a_of_uapa_1967__045.pdf","data/raw/sebi\SEBI_Feb 27, 20_updates_for_implementation_of_section_51a_of_uapa_1967__045.pdf",2026-03-29 13:29:16,order
SEBI,Caution to the Public regarding fake STT notices,"Feb 26, 2026",https://www.sebi.gov.in/sebi_data/attachdocs/feb-2026/1772114137013.pdf,"SEBI_Feb 26, 20_caution_to_the_public_regarding_fake_stt_notices_046.pdf","data/raw/sebi\SEBI_Feb 26, 20_caution_to_the_public_regarding_fake_stt_notices_046.pdf",2026-03-29 13:29:20,order
SEBI,Caution to Investors on Stock Market Scams through  Account Handling Services,"Feb 26, 2026",https://www.sebi.gov.in/sebi_data/attachdocs/feb-2026/1772113926582.pdf,"SEBI_Feb 26, 20_caution_to_investors_on_stock_market_scams_through_acco_047.pdf","data/raw/sebi\SEBI_Feb 26, 20_caution_to_investors_on_stock_market_scams_through_acco_047.pdf",2026-03-29 13:29:25,order
SEBI,Kotak Investor Conference - Chasing Growth 2026,"Feb 25, 2026",https://www.sebi.gov.in/sebi_data/attachdocs/feb-2026/1772006418933.pdf,"SEBI_Feb 25, 20_kotak_investor_conference_-_chasing_growth_2026_048.pdf","data/raw/sebi\SEBI_Feb 25, 20_kotak_investor_conference_-_chasing_growth_2026_048.pdf",2026-03-29 13:29:30,order
SEBI,"Address by Shri Amarjeet Singh, WTM, SEBI at the SEBI PMS Conclave","Feb 23, 2026",https://www.sebi.gov.in/sebi_data/attachdocs/feb-2026/1772101557108.pdf,"SEBI_Feb 23, 20_address_by_shri_amarjeet_singh_wtm_sebi_at_the_sebi_pms_049.pdf","data/raw/sebi\SEBI_Feb 23, 20_address_by_shri_amarjeet_singh_wtm_sebi_at_the_sebi_pms_049.pdf",2026-03-29 13:29:35,order
SEBI,"Securities and Exchange Board of India (Mutual Funds) Regulations, 2026",2026,https://www.sebi.gov.in/sebi_data/attachdocs/jan-2026/1768987928534.pdf,SEBI_2026_securities_and_exchange_board_of_india_mutual_funds_reg_050.pdf,data/raw/sebi\SEBI_2026_securities_and_exchange_board_of_india_mutual_funds_reg_050.pdf,2026-03-29 13:29:46,informal_guidance
SEBI,"Securities and Exchange Board of India (Stock Brokers) Regulations, 2026",2026,https://www.sebi.gov.in/sebi_data/attachdocs/jan-2026/1767852346757.pdf,SEBI_2026_securities_and_exchange_board_of_india_stock_brokers_re_051.pdf,data/raw/sebi\SEBI_2026_securities_and_exchange_board_of_india_stock_brokers_re_051.pdf,2026-03-29 13:29:52,informal_guidance
SEBI,"Securities and Exchange Board of India (Procedure for making, amending and reviewing of Regulations) Regulations, 2025",2025,https://www.sebi.gov.in/sebi_data/attachdocs/feb-2025/1739770105701.pdf,SEBI_2025_securities_and_exchange_board_of_india_procedure_for_ma_052.pdf,data/raw/sebi\SEBI_2025_securities_and_exchange_board_of_india_procedure_for_ma_052.pdf,2026-03-29 13:29:58,informal_guidance
SEBI,"Securities and Exchange Board of India (Registrars to an Issue and Share Transfer Agents) Regulations, 2025",2025,https://www.sebi.gov.in/sebi_data/attachdocs/dec-2025/1766125665223.pdf,SEBI_2025_securities_and_exchange_board_of_india_registrars_to_an_053.pdf,data/raw/sebi\SEBI_2025_securities_and_exchange_board_of_india_registrars_to_an_053.pdf,2026-03-29 13:30:05,informal_guidance
SEBI,"Securities and Exchange Board of India (Index Providers) Regulations, 2024 [Last amended on November 28, 2024]",2024,https://www.sebi.gov.in/sebi_data/attachdocs/dec-2024/1733301376948.pdf,SEBI_2024_securities_and_exchange_board_of_india_index_providers__054.pdf,data/raw/sebi\SEBI_2024_securities_and_exchange_board_of_india_index_providers__054.pdf,2026-03-29 13:30:10,informal_guidance
SEBI,"Securities and Exchange Board of India (Delisting of Equity Shares) Regulations, 2021 [Last amended on  September 3, 2025]",2021,https://www.sebi.gov.in/sebi_data/attachdocs/sep-2025/1757507122446.pdf,SEBI_2021_securities_and_exchange_board_of_india_delisting_of_equ_055.pdf,data/raw/sebi\SEBI_2021_securities_and_exchange_board_of_india_delisting_of_equ_055.pdf,2026-03-29 13:30:15,informal_guidance
SEBI,"Securities and Exchange Board of India (Issue and Listing of Non-Convertible Securities) Regulations, 2021 [Last amended on January 21, 2026]",2021,https://www.sebi.gov.in/sebi_data/attachdocs/jan-2026/1769162648420.pdf,SEBI_2021_securities_and_exchange_board_of_india_issue_and_listin_056.pdf,data/raw/sebi\SEBI_2021_securities_and_exchange_board_of_india_issue_and_listin_056.pdf,2026-03-29 13:30:20,informal_guidance
SEBI,"Securities and Exchange Board of India (Share Based Employee Benefits and Sweat Equity) Regulations, 2021 [Last amended on December 4, 2025]",2021,https://www.sebi.gov.in/sebi_data/attachdocs/dec-2025/1766568633261.pdf,SEBI_2021_securities_and_exchange_board_of_india_share_based_empl_057.pdf,data/raw/sebi\SEBI_2021_securities_and_exchange_board_of_india_share_based_empl_057.pdf,2026-03-29 13:30:25,informal_guidance
SEBI,"Securities and Exchange Board of India (Vault Managers) Regulations, 2021 [Last amended on February 10, 2025]",2021,https://www.sebi.gov.in/sebi_data/attachdocs/mar-2025/1741062374048.pdf,SEBI_2021_securities_and_exchange_board_of_india_vault_managers_r_058.pdf,data/raw/sebi\SEBI_2021_securities_and_exchange_board_of_india_vault_managers_r_058.pdf,2026-03-29 13:30:30,informal_guidance
SEBI,"Securities and Exchange Board of India (Portfolio Managers) Regulations, 2020 [Last amended on September 03, 2025]",2020,https://www.sebi.gov.in/sebi_data/attachdocs/sep-2025/1757580665392.pdf,SEBI_2020_securities_and_exchange_board_of_india_portfolio_manage_059.pdf,data/raw/sebi\SEBI_2020_securities_and_exchange_board_of_india_portfolio_manage_059.pdf,2026-03-29 13:30:35,informal_guidance
SEBI,"Securities and Exchange Board of India (Foreign Portfolio Investors) Regulations, 2019 [Last amended on December 3, 2025]",2019,https://www.sebi.gov.in/sebi_data/attachdocs/dec-2025/1765192425627.pdf,SEBI_2019_securities_and_exchange_board_of_india_foreign_portfoli_060.pdf,data/raw/sebi\SEBI_2019_securities_and_exchange_board_of_india_foreign_portfoli_060.pdf,2026-03-29 13:30:41,informal_guidance
SEBI,"Securities and Exchange Board of India (Buy-back of Securities) Regulations 2018 [Last amended on November 28, 2024]",2018,https://www.sebi.gov.in/sebi_data/attachdocs/dec-2024/1733976918722.pdf,SEBI_2018_securities_and_exchange_board_of_india_buy-back_of_secu_061.pdf,data/raw/sebi\SEBI_2018_securities_and_exchange_board_of_india_buy-back_of_secu_061.pdf,2026-03-29 13:30:48,informal_guidance
SEBI,"Securities and Exchange Board of India (Depositories and Participants) Regulations 2018 [Last amended on November 22, 2025]",2018,https://www.sebi.gov.in/sebi_data/attachdocs/dec-2025/1764930261886.pdf,SEBI_2018_securities_and_exchange_board_of_india_depositories_and_062.pdf,data/raw/sebi\SEBI_2018_securities_and_exchange_board_of_india_depositories_and_062.pdf,2026-03-29 13:30:56,informal_guidance
SEBI,"Securities and Exchange Board of India (Issue of Capital and Disclosure Requirements) Regulations 2018 [[Last amended on March 21, 2026]",2018,https://www.sebi.gov.in/sebi_data/attachdocs/mar-2026/1774592300989.pdf,SEBI_2018_securities_and_exchange_board_of_india_issue_of_capital_063.pdf,data/raw/sebi\SEBI_2018_securities_and_exchange_board_of_india_issue_of_capital_063.pdf,2026-03-29 13:31:07,informal_guidance
SEBI,"Securities and Exchange Board of India (Settlement Proceedings) Regulations, 2018 [Last amended on November 28, 2024]",2018,https://www.sebi.gov.in/sebi_data/attachdocs/dec-2024/1733301438824.pdf,SEBI_2018_securities_and_exchange_board_of_india_settlement_proce_064.pdf,data/raw/sebi\SEBI_2018_securities_and_exchange_board_of_india_settlement_proce_064.pdf,2026-03-29 13:31:14,informal_guidance
SEBI,"Securities Contracts (Regulation) (Stock Exchanges and Clearing Corporations) Regulations, 2018 [Last amended on November 22, 2025]",2018,https://www.sebi.gov.in/sebi_data/attachdocs/dec-2025/1765167625472.pdf,SEBI_2018_securities_contracts_regulation_stock_exchanges_and_cle_065.pdf,data/raw/sebi\SEBI_2018_securities_contracts_regulation_stock_exchanges_and_cle_065.pdf,2026-03-29 13:31:19,informal_guidance
SEBI,"Securities and Exchange Board of India (Issue and Listing of Municipal Debt Securities) Regulations, 2015 [Last amendment on August 18, 2023]",2015,https://www.sebi.gov.in/sebi_data/attachdocs/sep-2023/1693815495648.pdf,SEBI_2015_securities_and_exchange_board_of_india_issue_and_listin_066.pdf,data/raw/sebi\SEBI_2015_securities_and_exchange_board_of_india_issue_and_listin_066.pdf,2026-03-29 13:31:25,informal_guidance
SEBI,"Securities and Exchange Board of India (Listing Obligations and Disclosure Requirements) Regulations, 2015 [Last amended on January 22, 2026]",2015,https://www.sebi.gov.in/sebi_data/attachdocs/jan-2026/1769681124067.pdf,SEBI_2015_securities_and_exchange_board_of_india_listing_obligati_067.pdf,data/raw/sebi\SEBI_2015_securities_and_exchange_board_of_india_listing_obligati_067.pdf,2026-03-29 13:31:32,informal_guidance
SEBI,"Securities and Exchange Board of India (Prohibition of Insider Trading) Regulations, 2015 [Last amended on March 12, 2025]",2015,https://www.sebi.gov.in/sebi_data/attachdocs/jul-2025/1752572636085.pdf,SEBI_2015_securities_and_exchange_board_of_india_prohibition_of_i_068.pdf,data/raw/sebi\SEBI_2015_securities_and_exchange_board_of_india_prohibition_of_i_068.pdf,2026-03-29 13:31:37,informal_guidance
SEBI,"Securities and Exchange Board of India (Real Estate Investment Trusts) Regulations, 2014 [Last amended on December 11, 2025]",2014,https://www.sebi.gov.in/sebi_data/attachdocs/dec-2025/1765541474113.pdf,SEBI_2014_securities_and_exchange_board_of_india_real_estate_inve_069.pdf,data/raw/sebi\SEBI_2014_securities_and_exchange_board_of_india_real_estate_inve_069.pdf,2026-03-29 13:31:50,informal_guidance
SEBI,"Securities and Exchange Board of India (Research Analysts) Regulations, 2014 [Last amended on November 25, 2025]",2014,https://www.sebi.gov.in/sebi_data/attachdocs/dec-2025/1765195407982.pdf,SEBI_2014_securities_and_exchange_board_of_india_research_analyst_070.pdf,data/raw/sebi\SEBI_2014_securities_and_exchange_board_of_india_research_analyst_070.pdf,2026-03-29 13:31:55,informal_guidance
SEBI,"Securities and Exchange Board of India (Investment Advisers) Regulations, 2013 [Last amended on November 25, 2025]",2013,https://www.sebi.gov.in/sebi_data/attachdocs/dec-2025/1765195275952.pdf,SEBI_2013_securities_and_exchange_board_of_india_investment_advis_071.pdf,data/raw/sebi\SEBI_2013_securities_and_exchange_board_of_india_investment_advis_071.pdf,2026-03-29 13:32:01,informal_guidance
SEBI,"Securities and Exchange Board of India (Alternative Investment Funds) Regulations, 2012 [Last amended on November 19, 2025]",2012,https://www.sebi.gov.in/sebi_data/attachdocs/nov-2025/1764241440112.pdf,SEBI_2012_securities_and_exchange_board_of_india_alternative_inve_072.pdf,data/raw/sebi\SEBI_2012_securities_and_exchange_board_of_india_alternative_inve_072.pdf,2026-03-29 13:32:06,informal_guidance
SEBI,"Securities and Exchange Board of India (Substantial Acquisition of Shares and Takeovers) Regulations, 2011  [Last amended on December 5, 2025]",2011,https://www.sebi.gov.in/sebi_data/attachdocs/dec-2025/1766569598336.pdf,SEBI_2011_securities_and_exchange_board_of_india_substantial_acqu_073.pdf,data/raw/sebi\SEBI_2011_securities_and_exchange_board_of_india_substantial_acqu_073.pdf,2026-03-29 13:32:12,informal_guidance
SEBI,"Securities and Exchange Board of India {KYC (Know Your Client) Registration Agency} Regulations, 2011 [Last amended on February 10, 2025]",2011,https://www.sebi.gov.in/sebi_data/attachdocs/mar-2025/1741064626926.pdf,SEBI_2011_securities_and_exchange_board_of_india_kyc_know_your_cl_074.pdf,data/raw/sebi\SEBI_2011_securities_and_exchange_board_of_india_kyc_know_your_cl_074.pdf,2026-03-29 13:32:17,informal_guidance
SEBI,"Securities and Exchange Board of India (Investor Protection and Education Fund) Regulations, 2009 [Last amended on September 2, 2025]",2009,https://www.sebi.gov.in/sebi_data/attachdocs/sep-2025/1757506918321.pdf,SEBI_2009_securities_and_exchange_board_of_india_investor_protect_075.pdf,data/raw/sebi\SEBI_2009_securities_and_exchange_board_of_india_investor_protect_075.pdf,2026-03-29 13:32:22,informal_guidance
SEBI,"Securities and Exchange Board of India (Intermediaries) Regulations, 2008 [Last amended on December 5, 2025]",2008,https://www.sebi.gov.in/sebi_data/attachdocs/dec-2025/1766569358019.pdf,SEBI_2008_securities_and_exchange_board_of_india_intermediaries_r_076.pdf,data/raw/sebi\SEBI_2008_securities_and_exchange_board_of_india_intermediaries_r_076.pdf,2026-03-29 13:32:28,informal_guidance
SEBI,"Securities and Exchange Board of India (Issue and Listing of Securitised Debt Instruments and Security Receipts) Regulations, 2008 [Last amended on May 05, 2025]",2008,https://www.sebi.gov.in/sebi_data/attachdocs/may-2025/1747136005704.pdf,SEBI_2008_securities_and_exchange_board_of_india_issue_and_listin_077.pdf,data/raw/sebi\SEBI_2008_securities_and_exchange_board_of_india_issue_and_listin_077.pdf,2026-03-29 13:32:33,informal_guidance
SEBI,"SEBI (Certification of Associated Persons in the Securities Markets) Regulations, 2007 [Last amended on July 15, 2025]",2007,https://www.sebi.gov.in/sebi_data/attachdocs/jul-2025/1753434856048.pdf,SEBI_2007_sebi_certification_of_associated_persons_in_the_securit_078.pdf,data/raw/sebi\SEBI_2007_sebi_certification_of_associated_persons_in_the_securit_078.pdf,2026-03-29 13:32:37,informal_guidance
SEBI,"Securities and Exchange Board of India (Self Regulatory Organisations) Regulations, 2004 [last amended on February 07, 2023]",2004,https://www.sebi.gov.in/sebi_data/attachdocs/mar-2023/1679546155150.pdf,SEBI_2004_securities_and_exchange_board_of_india_self_regulatory__079.pdf,data/raw/sebi\SEBI_2004_securities_and_exchange_board_of_india_self_regulatory__079.pdf,2026-03-29 13:32:42,informal_guidance
SEBI,"SEBI (Prohibition of Fraudulent and Unfair Trade Practices relating to Securities Market) Regulations, 2003 [Last amended on December 05, 2025]",2003,https://www.sebi.gov.in/sebi_data/attachdocs/dec-2025/1766747237712.pdf,SEBI_2003_sebi_prohibition_of_fraudulent_and_unfair_trade_practic_080.pdf,data/raw/sebi\SEBI_2003_sebi_prohibition_of_fraudulent_and_unfair_trade_practic_080.pdf,2026-03-29 13:32:48,informal_guidance
SEBI,"SEBI (Procedure for Board Meetings) Regulations, 2001 [Last amended on December 9, 2022]",2001,https://www.sebi.gov.in/sebi_data/attachdocs/dec-2022/1671704178996.pdf,SEBI_2001_sebi_procedure_for_board_meetings_regulations_2001_last_081.pdf,data/raw/sebi\SEBI_2001_sebi_procedure_for_board_meetings_regulations_2001_last_081.pdf,2026-03-29 13:32:53,informal_guidance
SEBI,"Securities and Exchange Board of India (Employees' Service) Regulations, 2001 [Last amended on September 08, 2025]",2001,https://www.sebi.gov.in/sebi_data/attachdocs/sep-2025/1757497413671.pdf,SEBI_2001_securities_and_exchange_board_of_india_employees_servic_082.pdf,data/raw/sebi\SEBI_2001_securities_and_exchange_board_of_india_employees_servic_082.pdf,2026-03-29 13:33:00,informal_guidance
SEBI,"Securities and Exchange Board of India (Foreign Venture Capital Investor) Regulations, 2000 [Last amended on December 3, 2025]",2000,https://www.sebi.gov.in/sebi_data/attachdocs/dec-2025/1765192542233.pdf,SEBI_2000_securities_and_exchange_board_of_india_foreign_venture__083.pdf,data/raw/sebi\SEBI_2000_securities_and_exchange_board_of_india_foreign_venture__083.pdf,2026-03-29 13:33:05,informal_guidance
SEBI,"Securities and Exchange Board of India (Collective Investment Scheme) Regulations, 1999 [Last amended on December 05, 2025]",1999,https://www.sebi.gov.in/sebi_data/attachdocs/dec-2025/1766746851197.pdf,SEBI_1999_securities_and_exchange_board_of_india_collective_inves_084.pdf,data/raw/sebi\SEBI_1999_securities_and_exchange_board_of_india_collective_inves_084.pdf,2026-03-29 13:33:10,informal_guidance
SEBI,"Securities and Exchange Board of India (Credit Rating Agencies) Regulations, 1999 [Last amended on January 15, 2026]",1999,https://www.sebi.gov.in/sebi_data/attachdocs/jan-2026/1768814495033.pdf,SEBI_1999_securities_and_exchange_board_of_india_credit_rating_ag_085.pdf,data/raw/sebi\SEBI_1999_securities_and_exchange_board_of_india_credit_rating_ag_085.pdf,2026-03-29 13:33:16,informal_guidance
SEBI,"Securities and Exchange Board of India (Custodian) Regulations, 1996 [Last amendment on September 23, 2025]",1996,https://www.sebi.gov.in/sebi_data/attachdocs/sep-2025/1758886606773.pdf,SEBI_1996_securities_and_exchange_board_of_india_custodian_regula_086.pdf,data/raw/sebi\SEBI_1996_securities_and_exchange_board_of_india_custodian_regula_086.pdf,2026-03-29 13:33:22,informal_guidance
SEBI,"Securities and Exchange Board of India (Mutual Funds) Regulations, 1996 [Last amended on November 01, 2025]",1996,https://www.sebi.gov.in/sebi_data/attachdocs/jan-2026/1768571780322.pdf,SEBI_1996_securities_and_exchange_board_of_india_mutual_funds_reg_087.pdf,data/raw/sebi\SEBI_1996_securities_and_exchange_board_of_india_mutual_funds_reg_087.pdf,2026-03-29 13:33:29,informal_guidance
SEBI,"Securities and Exchange Board of India (Bankers to an Issue) Regulations, 1994 [Last amended on February 10, 2025]",1994,https://www.sebi.gov.in/sebi_data/attachdocs/mar-2025/1741147145038.pdf,SEBI_1994_securities_and_exchange_board_of_india_bankers_to_an_is_088.pdf,data/raw/sebi\SEBI_1994_securities_and_exchange_board_of_india_bankers_to_an_is_088.pdf,2026-03-29 13:33:33,informal_guidance
SEBI,"Securities and Exchange Board of India (Debenture Trustees) Regulations, 1993 [Last amended on October 27, 2025]",1993,https://www.sebi.gov.in/sebi_data/attachdocs/nov-2025/1763961352516.pdf,SEBI_1993_securities_and_exchange_board_of_india_debenture_truste_089.pdf,data/raw/sebi\SEBI_1993_securities_and_exchange_board_of_india_debenture_truste_089.pdf,2026-03-29 13:33:39,informal_guidance
SEBI,"Securities and Exchange Board of India (Merchant Bankers) Regulations, 1992 [Last amended on December 5, 2025]",1992,https://www.sebi.gov.in/sebi_data/attachdocs/dec-2025/1766569220042.pdf,SEBI_1992_securities_and_exchange_board_of_india_merchant_bankers_090.pdf,data/raw/sebi\SEBI_1992_securities_and_exchange_board_of_india_merchant_bankers_090.pdf,2026-03-29 13:33:44,informal_guidance
SEBI,"Securities and Exchange Board of India (Infrastructure Investment Trusts) Regulations, 2014 [Last amended on December 11, 2025]",2014,https://www.sebi.gov.in/sebi_data/attachdocs/dec-2025/1765798425686.pdf,SEBI_2014_securities_and_exchange_board_of_india_infrastructure_i_091.pdf,data/raw/sebi\SEBI_2014_securities_and_exchange_board_of_india_infrastructure_i_091.pdf,2026-03-29 13:39:36,informal_guidance
